City,Country Code,Latitude,Degrees From Equator,Longitude,Temperature,Humidity,Cloudiness,Wind Speed,Date
Kalemie,CD,-5.9475,5.9475,29.1947,21.0,86.0,100.0,0.14,29/04/21
Olafsvik,IS,64.8945,64.8945,-23.7142,5.0,77.0,83.0,1.7,29/04/21
Nanortalik,GL,60.1432,60.1432,-45.2371,3.0,84.0,10.0,4.0,29/04/21
Sangueya,GN,10.7,10.7,-14.3667,23.0,83.0,91.0,1.0,29/04/21
Mar Del Plata,AR,-38.0023,38.0023,-57.5575,17.0,82.0,0.0,5.14,29/04/21
Thompson,CA,55.7435,55.7435,-97.8558,-1.0,47.0,40.0,3.09,29/04/21
Saldanha,ZA,-33.0117,33.0117,17.9442,11.0,82.0,0.0,3.6,29/04/21
Bethel,US,41.3712,41.3712,-73.414,21.0,73.0,90.0,5.14,29/04/21
Domodossola,IT,46.1165,46.1165,8.2931,11.0,95.0,100.0,0.78,29/04/21
Hilo,US,19.7297,19.7297,-155.09,28.0,57.0,20.0,4.12,29/04/21
Klaksvik,FO,62.2266,62.2266,-6.589,2.0,75.0,90.0,2.57,29/04/21
Sao Filipe,CV,14.8961,14.8961,-24.4956,23.0,75.0,81.0,3.0,29/04/21
Ancud,CL,-41.8697,41.8697,-73.8203,14.0,94.0,0.0,4.63,29/04/21
Butaritari,KI,3.0707,3.0707,172.7902,29.0,71.0,99.0,4.8,29/04/21
Nikolskoye,RU,59.7035,59.7035,30.7861,-1.0,80.0,0.0,1.0,29/04/21
Tautira,PF,-17.7333,17.7333,-149.15,31.0,62.0,40.0,1.03,29/04/21
Alofi,NU,-19.0595,19.0595,-169.9187,28.0,83.0,67.0,2.06,29/04/21
Champerico,GT,14.3,14.3,-91.9167,19.0,93.0,74.0,2.2,29/04/21
Dvinskoy,RU,62.1535,62.1535,45.1175,1.0,73.0,100.0,2.8,29/04/21
Codrington,AG,-38.2667,38.2667,141.9667,23.0,36.0,0.0,4.37,29/04/21
Jamestown,SH,42.097,42.097,-79.2353,8.0,100.0,90.0,6.69,29/04/21
Bayangol,RU,50.6977,50.6977,103.4656,7.0,51.0,90.0,1.43,29/04/21
Faanui,PF,-16.4833,16.4833,-151.75,28.0,69.0,99.0,1.32,29/04/21
Iralaya,HN,15.0,15.0,-83.2333,27.0,72.0,1.0,4.91,29/04/21
Arman,RU,59.7,59.7,150.1667,5.0,65.0,60.0,0.65,29/04/21
Herouville-Saint-Clair,FR,49.2109,49.2109,-0.3065,2.0,93.0,20.0,1.54,29/04/21
Rikitea,PF,-23.1203,23.1203,-134.9692,25.0,66.0,85.0,5.58,29/04/21
Obo,CF,5.3998,5.3998,26.4869,20.0,94.0,100.0,1.71,29/04/21
Ghogha,IN,21.6833,21.6833,72.2833,31.0,48.0,97.0,4.8,29/04/21
Kloulklubed,PW,7.0419,7.0419,134.2556,30.0,74.0,75.0,4.63,29/04/21
Provideniya,RU,64.3833,64.3833,-173.3,-1.0,74.0,75.0,5.0,29/04/21
Yashkul,RU,46.1711,46.1711,45.3435,12.0,78.0,100.0,4.52,29/04/21
San Policarpo,PH,12.1791,12.1791,125.5072,28.0,72.0,17.0,3.03,29/04/21
Mitu,CO,1.1983,1.1983,-70.1733,22.0,99.0,100.0,0.14,29/04/21
Punta Arenas,CL,-53.15,53.15,-70.9167,6.0,93.0,90.0,4.12,29/04/21
Elizabeth City,US,36.2946,36.2946,-76.2511,24.0,64.0,1.0,7.72,29/04/21
Camacha,PT,33.0833,33.0833,-16.3333,14.0,88.0,75.0,8.23,29/04/21
Hofn,IS,64.2539,64.2539,-15.2082,4.0,62.0,15.0,2.98,29/04/21
Kapaa,US,22.0752,22.0752,-159.319,24.0,59.0,11.0,1.79,29/04/21
Bereda,SO,43.2686,43.2686,-7.5406,7.0,100.0,86.0,1.14,29/04/21
Souillac,MU,-20.5167,20.5167,57.5167,25.0,88.0,75.0,5.66,29/04/21
Srednekolymsk,RU,67.45,67.45,153.6833,-1.0,93.0,100.0,3.23,29/04/21
Saint-Philippe,RE,-21.3585,21.3585,55.7679,24.0,78.0,75.0,3.6,29/04/21
Cape Town,ZA,-33.9258,33.9258,18.4232,15.0,88.0,20.0,4.12,29/04/21
Rio Pomba,BR,-21.2747,21.2747,-43.1792,18.0,85.0,100.0,1.72,29/04/21
Pacific Grove,US,36.6177,36.6177,-121.9166,14.0,87.0,62.0,1.84,29/04/21
Dire,ML,12.2833,12.2833,-10.9667,34.0,31.0,100.0,2.59,29/04/21
Waitati,NZ,-45.75,45.75,170.5667,13.0,71.0,81.0,5.81,29/04/21
Benguela,AO,-12.5763,12.5763,13.4055,25.0,81.0,100.0,0.83,29/04/21
Shakawe,BW,-18.3667,18.3667,21.85,18.0,64.0,15.0,1.7,29/04/21
Tasiilaq,GL,65.6145,65.6145,-37.6368,-1.0,93.0,99.0,5.66,29/04/21
Gryazovets,RU,58.88,58.88,40.2525,1.0,90.0,100.0,2.47,29/04/21
Balikpapan,ID,-1.2675,1.2675,116.8289,28.0,77.0,92.0,1.75,29/04/21
Hobart,AU,-42.8794,42.8794,147.3294,19.0,63.0,20.0,3.6,29/04/21
Kushima,JP,31.4583,31.4583,131.2333,24.0,60.0,75.0,7.72,29/04/21
Bredasdorp,ZA,-34.5322,34.5322,20.0403,9.0,93.0,4.0,2.57,29/04/21
Dingle,IE,10.9995,10.9995,122.6711,32.0,40.0,29.0,2.75,29/04/21
Derzhavinsk,KZ,51.1,51.1,66.3167,10.0,48.0,29.0,1.95,29/04/21
Tres Arroyos,AR,-38.3739,38.3739,-60.2798,15.0,70.0,7.0,5.95,29/04/21
Kaduqli,SD,11.0167,11.0167,29.7167,26.0,53.0,100.0,0.58,29/04/21
Cap Malheureux,MU,-19.9842,19.9842,57.6142,24.0,87.0,17.0,3.13,29/04/21
Garissa,KE,-0.4536,0.4536,39.6401,25.0,76.0,86.0,5.19,29/04/21
Kefamenanu,ID,-9.4467,9.4467,124.4781,29.0,62.0,36.0,3.46,29/04/21
Ponta Do Sol,PT,32.6667,32.6667,-17.1,13.0,78.0,37.0,0.89,29/04/21
Itoman,JP,26.1247,26.1247,127.6694,23.0,68.0,20.0,3.6,29/04/21
Vila Velha,BR,-20.3297,20.3297,-40.2925,23.0,73.0,75.0,5.14,29/04/21
Marzuq,LY,14.4,14.4,46.4667,22.0,64.0,99.0,1.29,29/04/21
Whitefish,US,48.4111,48.4111,-114.3376,20.0,28.0,1.0,3.09,29/04/21
Paranhos,BR,-23.8928,23.8928,-55.4311,15.0,66.0,0.0,1.91,29/04/21
Gunjur,GM,13.2019,13.2019,-16.7339,21.0,83.0,0.0,5.14,29/04/21
Bambous Virieux,MU,-20.3428,20.3428,57.7575,25.0,88.0,75.0,5.66,29/04/21
Jefferson City,US,38.5767,38.5767,-92.1735,18.0,48.0,1.0,3.09,29/04/21
Saint George,BM,37.1041,37.1041,-113.5841,28.0,13.0,1.0,5.66,29/04/21
Hamilton,US,39.1834,39.1834,-84.5333,14.0,77.0,20.0,4.63,29/04/21
Busselton,AU,-33.65,33.65,115.3333,16.0,75.0,24.0,0.45,29/04/21
Carnarvon,AU,-24.8667,24.8667,113.6333,25.0,61.0,40.0,8.75,29/04/21
Todos Santos,MX,23.45,23.45,-110.2167,18.0,71.0,0.0,2.72,29/04/21
Mataura,PF,-46.1927,46.1927,168.8643,13.0,70.0,33.0,7.6,29/04/21
Lufilufi,WS,-13.8745,13.8745,-171.5986,32.0,70.0,75.0,1.54,29/04/21
Haines Junction,CA,60.7522,60.7522,-137.5108,7.0,57.0,100.0,1.54,29/04/21
San Patricio,MX,28.017,28.017,-97.5169,28.0,69.0,90.0,6.17,29/04/21
Tripoli,LY,32.8752,32.8752,13.1875,26.0,36.0,100.0,2.95,29/04/21
Puerto Ayora,EC,-0.7393,0.7393,-90.3518,24.0,86.0,21.0,3.72,29/04/21
Santiago Del Estero,AR,-27.7951,27.7951,-64.2615,16.0,49.0,0.0,3.62,29/04/21
Dunedin,NZ,-45.8742,45.8742,170.5036,13.0,71.0,81.0,5.81,29/04/21
Ereymentau,KZ,51.6199,51.6199,73.1033,9.0,44.0,91.0,3.15,29/04/21
Anzio,IT,41.4853,41.4853,12.6179,16.0,97.0,87.0,0.89,29/04/21
Portland,AU,45.5234,45.5234,-122.6762,23.0,40.0,75.0,5.66,29/04/21
Kuandian,CN,40.7286,40.7286,124.7847,9.0,75.0,99.0,3.13,29/04/21
Ostrovnoy,RU,68.0531,68.0531,39.5131,-3.0,88.0,100.0,7.98,29/04/21
Dariba,IN,24.95,24.95,74.1333,25.0,38.0,40.0,1.54,29/04/21
Lebu,CL,-37.6167,37.6167,-73.65,13.0,95.0,100.0,3.58,29/04/21
Severo-Kurilsk,RU,50.6789,50.6789,156.125,5.0,76.0,19.0,3.26,29/04/21
Vissenbjerg,DK,55.3848,55.3848,10.1378,7.0,93.0,100.0,2.06,29/04/21
Middle Island,KN,40.8843,40.8843,-72.9373,18.0,82.0,75.0,5.14,29/04/21
Tilichiki,RU,60.4667,60.4667,166.1,1.0,99.0,100.0,0.44,29/04/21
Laguna,BR,38.421,38.421,-121.4238,31.0,20.0,1.0,4.12,29/04/21
Tutoia,BR,-2.7619,2.7619,-42.2744,25.0,88.0,100.0,3.59,29/04/21
Asau,TV,46.4333,46.4333,26.4,9.0,64.0,26.0,2.33,29/04/21
Oranjemund,NA,-28.55,28.55,16.4333,12.0,89.0,2.0,4.78,29/04/21
Namibe,AO,-15.1961,15.1961,12.1522,23.0,76.0,88.0,1.69,29/04/21
Trincomalee,LK,8.5711,8.5711,81.2335,28.0,75.0,73.0,1.9,29/04/21
Chuy,UY,-33.6971,33.6971,-53.4616,13.0,82.0,0.0,1.92,29/04/21
Kavieng,PG,-2.5744,2.5744,150.7967,29.0,69.0,39.0,4.11,29/04/21
Inirida,CO,3.8653,3.8653,-67.9239,22.0,99.0,100.0,0.3,29/04/21
Atuona,PF,-9.8,9.8,-139.0333,26.0,70.0,11.0,2.13,29/04/21
Esperance,AU,-33.8667,33.8667,121.9,16.0,72.0,40.0,9.26,29/04/21
Colombia,CU,20.9881,20.9881,-77.4297,25.0,78.0,1.0,4.12,29/04/21
Alyangula,AU,-13.8483,13.8483,136.4192,29.0,70.0,75.0,3.6,29/04/21
Balkhash,KZ,46.844,46.844,74.9804,15.0,63.0,0.0,13.0,29/04/21
Inhambane,MZ,-23.865,23.865,35.3833,22.0,79.0,0.0,2.38,29/04/21
College,US,64.8569,64.8569,-147.8028,7.0,70.0,75.0,6.17,29/04/21
Quelimane,MZ,-17.8786,17.8786,36.8883,22.0,96.0,4.0,1.24,29/04/21
Port Alfred,ZA,-33.5906,33.5906,26.891,17.0,70.0,100.0,5.78,29/04/21
Touros,BR,-5.1989,5.1989,-35.4608,24.0,94.0,40.0,2.06,29/04/21
Goderich,SL,43.7501,43.7501,-81.7165,5.0,93.0,99.0,2.91,29/04/21
Iqaluit,CA,63.7506,63.7506,-68.5145,0.0,100.0,90.0,1.03,29/04/21
Te Anau,NZ,-45.4167,45.4167,167.7167,15.0,61.0,7.0,1.02,29/04/21
Durusu,TR,41.3053,41.3053,28.6767,11.0,87.0,0.0,1.54,29/04/21
Lavrentiya,RU,65.5833,65.5833,-171.0,-2.0,73.0,34.0,2.11,29/04/21
Lanzhou,CN,36.0564,36.0564,103.7922,18.0,22.0,20.0,4.0,29/04/21
Marfino,RU,55.7028,55.7028,37.3822,7.0,61.0,0.0,3.0,29/04/21
Sao Joao Da Barra,BR,-21.6403,21.6403,-41.0511,20.0,86.0,66.0,5.22,29/04/21
Emure,NG,7.4361,7.4361,5.4593,22.0,92.0,100.0,1.28,29/04/21
Cockburn Town,BS,21.4612,21.4612,-71.1419,26.0,77.0,1.0,8.12,29/04/21
Edd,ER,13.9297,13.9297,41.6925,29.0,71.0,90.0,4.96,29/04/21
San Juan,US,-31.5375,31.5375,-68.5364,19.0,42.0,4.0,1.3,29/04/21
Buraydah,SA,26.326,26.326,43.975,20.0,34.0,0.0,2.57,29/04/21
Novo Aripuana,BR,-5.1206,5.1206,-60.3797,23.0,98.0,98.0,0.46,29/04/21
Xingyi,CN,24.1877,24.1877,102.817,22.0,48.0,100.0,2.4,29/04/21
Lompoc,US,34.6391,34.6391,-120.4579,14.0,76.0,11.0,4.63,29/04/21
Kudat,MY,6.8837,6.8837,116.8477,29.0,84.0,20.0,1.54,29/04/21
Fairbanks,US,64.8378,64.8378,-147.7164,7.0,65.0,90.0,6.69,29/04/21
Sept-Iles,CA,50.2001,50.2001,-66.3821,7.0,75.0,75.0,1.54,29/04/21
Lucea,JM,18.451,18.451,-78.1736,25.0,78.0,20.0,0.51,29/04/21
Opuwo,NA,-18.0607,18.0607,13.84,17.0,56.0,66.0,0.87,29/04/21
Manyana,BW,-23.4,23.4,21.7167,15.0,82.0,38.0,0.94,29/04/21
Shimoda,JP,34.6667,34.6667,138.95,22.0,68.0,20.0,10.8,29/04/21
Santa Vitoria Do Palmar,BR,-33.5189,33.5189,-53.3681,14.0,78.0,0.0,1.7,29/04/21
Upernavik,GL,72.7868,72.7868,-56.1549,-5.0,60.0,99.0,1.64,29/04/21
Constantine,DZ,36.365,36.365,6.6147,13.0,71.0,0.0,3.6,29/04/21
Korla,CN,41.7597,41.7597,86.1469,25.0,12.0,0.0,1.37,29/04/21
Ilulissat,GL,69.2167,69.2167,-51.1,1.0,75.0,100.0,2.02,29/04/21
Bengkulu,ID,-3.8004,3.8004,102.2655,27.0,75.0,97.0,0.71,29/04/21
Phan Thiet,VN,10.9333,10.9333,108.1,30.0,61.0,53.0,3.94,29/04/21
Wilmington,US,34.2257,34.2257,-77.9447,23.0,73.0,1.0,6.17,29/04/21
Beyneu,KZ,45.3167,45.3167,55.2,14.0,38.0,1.0,5.25,29/04/21
San Vicente,PH,-26.6167,26.6167,-54.1333,11.0,55.0,0.0,1.43,29/04/21
Oktyabrskiy,RU,54.4815,54.4815,53.471,6.0,71.0,30.0,1.57,29/04/21
Flinders,AU,-34.5833,34.5833,150.8552,22.0,70.0,2.0,2.68,29/04/21
Zlobin,BY,45.2924,45.2924,14.6541,15.0,94.0,75.0,3.6,29/04/21
Hovd,MN,48.0056,48.0056,91.6419,20.0,23.0,82.0,2.53,29/04/21
Myitkyina,MM,25.3833,25.3833,97.4,34.0,34.0,14.0,1.23,29/04/21
Pangai,TO,-19.8,19.8,-174.35,29.0,79.0,75.0,1.54,29/04/21
Vaini,TO,-21.2,21.2,-175.2,24.0,100.0,90.0,5.66,29/04/21
Dalaba,GN,10.7,10.7,-12.25,21.0,51.0,96.0,1.56,29/04/21
Airai,PW,-8.9266,8.9266,125.4092,24.0,54.0,18.0,1.51,29/04/21
Port Lincoln,AU,-34.7333,34.7333,135.8667,23.0,38.0,59.0,5.01,29/04/21
Aklavik,CA,68.2191,68.2191,-135.0107,6.0,39.0,33.0,2.06,29/04/21
Coihaique,CL,-45.5752,45.5752,-72.0662,9.0,97.0,80.0,2.13,29/04/21
Tiarei,PF,-17.5333,17.5333,-149.3333,31.0,62.0,40.0,1.03,29/04/21
Tagbac,PH,7.089,7.089,125.1567,31.0,66.0,40.0,2.06,29/04/21
Castro,CL,-24.7911,24.7911,-50.0119,9.0,98.0,7.0,1.97,29/04/21
Ust-Nera,RU,64.5667,64.5667,143.2,3.0,98.0,99.0,0.8,29/04/21
Torbay,CA,47.6666,47.6666,-52.7314,3.0,81.0,1.0,4.12,29/04/21
Geraldton,AU,-28.7667,28.7667,114.6,22.0,53.0,90.0,7.72,29/04/21
Walvis Bay,NA,-22.9575,22.9575,14.5053,10.0,81.0,0.0,3.09,29/04/21
Victoria,SC,22.2855,22.2855,114.1577,27.0,70.0,100.0,1.76,29/04/21
Homer,US,59.6425,59.6425,-151.5483,7.0,81.0,75.0,3.6,29/04/21
Palmer,US,42.1584,42.1584,-72.3287,13.0,100.0,90.0,3.6,29/04/21
Bira,RU,49.0,49.0,132.4667,12.0,46.0,100.0,3.18,29/04/21
Nouadhibou,MR,20.931,20.931,-17.0347,19.0,88.0,0.0,5.66,29/04/21
Anadyr,RU,64.75,64.75,177.4833,-4.0,80.0,0.0,6.0,29/04/21
Naryan-Mar,RU,67.6713,67.6713,53.087,-3.0,81.0,90.0,3.52,29/04/21
Pangnirtung,CA,66.1451,66.1451,-65.7125,0.0,74.0,100.0,2.73,29/04/21
Aswan,EG,24.0934,24.0934,32.907,28.0,13.0,1.0,4.39,29/04/21
Pisco,PE,-13.7,13.7,-76.2167,19.0,88.0,0.0,3.6,29/04/21
Kungurtug,RU,50.5994,50.5994,97.5228,7.0,73.0,100.0,1.21,29/04/21
Soe,ID,-9.8607,9.8607,124.284,27.0,57.0,14.0,3.75,29/04/21
Yellowknife,CA,62.456,62.456,-114.3525,0.0,47.0,75.0,5.14,29/04/21
Henties Bay,NA,-22.116,22.116,14.2845,15.0,87.0,1.0,3.96,29/04/21
Lorengau,PG,-2.0226,2.0226,147.2712,29.0,70.0,99.0,1.13,29/04/21
Cherskiy,RU,68.75,68.75,161.3,-6.0,84.0,71.0,4.94,29/04/21
Caravelas,BR,-17.7125,17.7125,-39.2481,24.0,71.0,100.0,4.98,29/04/21
Kiunga,PG,-6.1219,6.1219,141.2906,29.0,69.0,100.0,0.83,29/04/21
Bontang,ID,0.1333,0.1333,117.5,29.0,72.0,93.0,1.63,29/04/21
Yakymivka,UA,46.6897,46.6897,35.1536,10.0,95.0,13.0,2.98,29/04/21
Hithadhoo,MV,-0.6,0.6,73.0833,29.0,71.0,70.0,2.93,29/04/21
Auki,SB,-8.7676,8.7676,160.7034,29.0,67.0,41.0,0.92,29/04/21
Georgetown,SH,5.4112,5.4112,100.3354,30.0,79.0,20.0,2.06,29/04/21
Bathsheba,BB,13.2167,13.2167,-59.5167,26.0,61.0,20.0,4.12,29/04/21
La Ronge,CA,55.1001,55.1001,-105.2842,3.0,35.0,13.0,1.54,29/04/21
Staritsa,RU,56.5075,56.5075,34.9354,5.0,85.0,100.0,3.31,29/04/21
Kavaratti,IN,10.5669,10.5669,72.642,29.0,75.0,27.0,3.28,29/04/21
Pitmedden,GB,57.3369,57.3369,-2.1802,2.0,93.0,11.0,3.09,29/04/21
Vila Franca Do Campo,PT,37.7167,37.7167,-25.4333,13.0,71.0,20.0,2.57,29/04/21
Tevaitoa,PF,-16.7833,16.7833,-151.5,27.0,71.0,100.0,1.11,29/04/21
Chongwe,ZM,-15.3292,15.3292,28.682,17.0,86.0,43.0,1.82,29/04/21
Chapais,CA,49.7834,49.7834,-74.8492,9.0,53.0,75.0,2.57,29/04/21
Goundi,TD,9.3627,9.3627,17.366,28.0,51.0,100.0,2.04,29/04/21
Rabaul,PG,-4.1967,4.1967,152.1721,28.0,68.0,11.0,2.08,29/04/21
Bose,CN,45.4612,45.4612,8.0137,11.0,95.0,78.0,1.48,29/04/21
Katima Mulilo,NA,-17.5,17.5,24.2667,17.0,76.0,5.0,1.43,29/04/21
Krasnogorsk,RU,55.8225,55.8225,37.3181,7.0,87.0,0.0,2.0,29/04/21
Suntar,RU,62.1444,62.1444,117.6319,4.0,62.0,96.0,2.79,29/04/21
Bardiyah,LY,31.7561,31.7561,25.0865,24.0,28.0,45.0,5.23,29/04/21
Ribeira Grande,PT,38.5167,38.5167,-28.7,14.0,64.0,100.0,3.01,29/04/21
Jacqueville,CI,5.2052,5.2052,-4.4146,27.0,94.0,20.0,1.03,29/04/21
Cabo San Lucas,MX,22.8909,22.8909,-109.9124,23.0,38.0,1.0,3.6,29/04/21
Arraial Do Cabo,BR,-22.9661,22.9661,-42.0278,22.0,67.0,15.0,3.53,29/04/21
Hobyo,SO,5.3505,5.3505,48.5268,29.0,69.0,79.0,2.84,29/04/21
Agbor,NG,6.2518,6.2518,6.1934,24.0,92.0,98.0,1.54,29/04/21
Katsuura,JP,35.1333,35.1333,140.3,26.0,68.0,20.0,2.06,29/04/21
Port Blair,IN,11.6667,11.6667,92.75,29.0,68.0,100.0,2.83,29/04/21
Porto Seguro,BR,-16.4497,16.4497,-39.0647,23.0,88.0,75.0,2.57,29/04/21
Skjervoy,NO,70.0311,70.0311,20.9714,-1.0,61.0,100.0,10.5,29/04/21
Norman Wells,CA,65.282,65.282,-126.8329,9.0,23.0,20.0,1.58,29/04/21
Marawi,SD,7.9986,7.9986,124.2928,29.0,74.0,64.0,3.13,29/04/21
Aguimes,ES,27.9054,27.9054,-15.4461,18.0,82.0,40.0,1.54,29/04/21
Hermanus,ZA,-34.4187,34.4187,19.2345,10.0,93.0,61.0,0.45,29/04/21
Moron,MN,-34.6534,34.6534,-58.6198,19.0,83.0,0.0,0.45,29/04/21
Manzhouli,CN,49.6,49.6,117.4333,4.0,46.0,99.0,1.66,29/04/21
Novopskov,UA,49.5464,49.5464,39.0899,6.0,74.0,14.0,3.32,29/04/21
Kisangani,CD,0.5167,0.5167,25.2,21.0,99.0,100.0,1.04,29/04/21
Ust-Ilimsk,RU,58.0006,58.0006,102.6619,6.0,52.0,6.0,4.16,29/04/21
Barrow,US,71.2906,71.2906,-156.7887,-7.0,86.0,90.0,2.06,29/04/21
Monrovia,LR,6.3005,6.3005,-10.7969,25.0,94.0,20.0,1.07,29/04/21
Port-Gentil,GA,-0.7193,0.7193,8.7815,26.0,84.0,100.0,4.07,29/04/21
Jiuquan,CN,39.7432,39.7432,98.5174,24.0,10.0,5.0,3.27,29/04/21
East London,ZA,-33.0153,33.0153,27.9116,17.0,77.0,100.0,5.87,29/04/21
Atambua,ID,-9.1061,9.1061,124.8925,29.0,62.0,25.0,1.43,29/04/21
Broome,AU,42.2506,42.2506,-75.833,13.0,100.0,90.0,3.6,29/04/21
Igarka,RU,67.4667,67.4667,86.5833,0.0,97.0,75.0,5.31,29/04/21
Dhanera,IN,24.5167,24.5167,72.0167,30.0,42.0,10.0,2.05,29/04/21
Noyabrsk,RU,63.1994,63.1994,75.4507,2.0,93.0,100.0,3.82,29/04/21
Tibiri,NE,13.5627,13.5627,7.0485,25.0,10.0,49.0,1.46,29/04/21
Alice Springs,AU,-23.7,23.7,133.8833,23.0,21.0,0.0,4.63,29/04/21
Nagaur,IN,27.2,27.2,73.7333,33.0,22.0,84.0,4.6,29/04/21
Scottsdale,US,33.5092,33.5092,-111.899,32.0,12.0,1.0,2.06,29/04/21
Skagen,DK,57.7209,57.7209,10.5839,6.0,66.0,98.0,5.36,29/04/21
Ahipara,NZ,-35.1667,35.1667,173.1667,18.0,66.0,16.0,3.62,29/04/21
Jackson,US,42.4165,42.4165,-122.8345,28.0,17.0,1.0,5.66,29/04/21
Ati,TD,13.2154,13.2154,18.3353,26.0,9.0,23.0,2.46,29/04/21
Barinitas,VE,8.7622,8.7622,-70.4111,24.0,100.0,100.0,0.51,29/04/21
Sambava,MG,-14.2667,14.2667,50.1667,24.0,86.0,9.0,4.2,29/04/21
Almunecar,ES,36.7339,36.7339,-3.6907,17.0,60.0,1.0,2.24,29/04/21
Batticaloa,LK,7.7102,7.7102,81.6924,29.0,68.0,89.0,2.08,29/04/21
Bairiki,KI,1.3292,1.3292,172.9752,31.0,70.0,75.0,6.17,29/04/21
Namatanai,PG,-3.6667,3.6667,152.4333,30.0,63.0,79.0,1.31,29/04/21
Nuevo Laredo,MX,27.4763,27.4763,-99.5164,26.0,53.0,1.0,7.2,29/04/21
Sabha,JO,27.0377,27.0377,14.4283,26.0,6.0,4.0,4.77,29/04/21
Batangafo,CF,7.3008,7.3008,18.2833,24.0,76.0,100.0,1.41,29/04/21
Maxixe,MZ,-23.8597,23.8597,35.3472,21.0,82.0,0.0,2.06,29/04/21
Kijang,ID,35.2442,35.2442,129.2139,21.0,32.0,0.0,7.72,29/04/21
Sovetskiy,RU,61.3614,61.3614,63.5842,1.0,96.0,100.0,2.33,29/04/21
Fortuna,US,40.5982,40.5982,-124.1573,12.0,87.0,1.0,5.14,29/04/21
Port Hardy,CA,50.6996,50.6996,-127.4199,11.0,93.0,90.0,2.57,29/04/21
Royan,FR,45.6285,45.6285,-1.0281,10.0,87.0,0.0,1.54,29/04/21
Ketchikan,US,55.3422,55.3422,-131.6461,9.0,93.0,90.0,5.66,29/04/21
Council Bluffs,US,41.2619,41.2619,-95.8608,20.0,34.0,1.0,1.54,29/04/21
Bima,ID,-8.4667,8.4667,118.7167,31.0,58.0,17.0,1.61,29/04/21
Kirakira,SB,-10.4544,10.4544,161.9205,29.0,70.0,23.0,4.22,29/04/21
Guerrero Negro,MX,27.9769,27.9769,-114.0611,18.0,71.0,0.0,7.69,29/04/21
San Cristobal,EC,7.7669,7.7669,-72.225,24.0,100.0,75.0,2.57,29/04/21
Deputatskiy,RU,69.3,69.3,139.9,-5.0,89.0,99.0,2.02,29/04/21
Ponta Pora,BR,-22.5361,22.5361,-55.7256,15.0,57.0,0.0,2.85,29/04/21
Coahuayana,MX,18.7333,18.7333,-103.6833,23.0,87.0,45.0,0.63,29/04/21
North Myrtle Beach,US,33.816,33.816,-78.68,22.0,83.0,1.0,9.77,29/04/21
Hue,VN,16.4667,16.4667,107.6,27.0,78.0,40.0,2.57,29/04/21
Samarai,PG,-10.6167,10.6167,150.6667,27.0,76.0,46.0,4.48,29/04/21
Yauya,PE,-8.9833,8.9833,-77.3,10.0,81.0,80.0,2.35,29/04/21
Ler,SD,8.3018,8.3018,30.1418,25.0,76.0,100.0,2.06,29/04/21
Kudahuvadhoo,MV,2.6708,2.6708,72.8944,28.0,70.0,42.0,0.87,29/04/21
Baiima,SL,8.1,8.1,-11.85,24.0,92.0,89.0,1.04,29/04/21
Guilin,CN,25.2819,25.2819,110.2864,23.0,68.0,0.0,1.0,29/04/21
Ust-Maya,RU,60.4167,60.4167,134.5333,6.0,83.0,99.0,1.6,29/04/21
Saint-Pierre,PM,-21.3393,21.3393,55.4781,24.0,73.0,90.0,3.09,29/04/21
Huarmey,PE,-10.0681,10.0681,-78.1522,20.0,84.0,0.0,3.95,29/04/21
Pitimbu,BR,-7.4706,7.4706,-34.8086,24.0,100.0,40.0,2.06,29/04/21
Albany,AU,42.6001,42.6001,-73.9662,13.0,89.0,100.0,0.89,29/04/21
Lages,BR,-27.8161,27.8161,-50.3261,9.0,98.0,9.0,1.44,29/04/21
Menongue,AO,-14.6585,14.6585,17.691,17.0,79.0,100.0,1.49,29/04/21
Tuatapere,NZ,-46.1333,46.1333,167.6833,13.0,71.0,55.0,6.26,29/04/21
Gat,LY,31.61,31.61,34.7642,18.0,77.0,20.0,3.09,29/04/21
Miles City,US,46.4083,46.4083,-105.8406,18.0,34.0,90.0,2.44,29/04/21
Wajima,JP,37.4,37.4,136.9,17.0,67.0,40.0,4.63,29/04/21
Shingu,JP,33.7333,33.7333,135.9833,18.0,77.0,20.0,4.63,29/04/21
Ravar,IR,31.2656,31.2656,56.8055,23.0,34.0,100.0,2.7,29/04/21
Aksu,CN,41.1231,41.1231,80.2644,24.0,11.0,0.0,2.3,29/04/21
Krutinka,RU,56.0055,56.0055,71.5113,7.0,59.0,7.0,5.94,29/04/21
El Real De Santa Maria,PA,8.109,8.109,-77.7325,23.0,94.0,100.0,0.3,29/04/21
Los Llanos De Aridane,ES,28.6585,28.6585,-17.9182,18.0,72.0,40.0,1.54,29/04/21
Nampula,MZ,-15.1165,15.1165,39.2666,22.0,100.0,40.0,0.51,29/04/21
Erenhot,CN,43.6475,43.6475,111.9767,9.0,14.0,27.0,5.29,29/04/21
Mandalgovi,MN,45.7625,45.7625,106.2708,5.0,47.0,100.0,6.73,29/04/21
Omsukchan,RU,62.5333,62.5333,155.8,-1.0,90.0,96.0,2.37,29/04/21
Faya,TD,18.3851,18.3851,42.4509,15.0,77.0,20.0,2.06,29/04/21
Axim,GH,4.8699,4.8699,-2.2405,27.0,80.0,100.0,1.23,29/04/21
Ushuaia,AR,-54.8,54.8,-68.3,4.0,70.0,75.0,1.54,29/04/21
The Valley,AI,18.217,18.217,-63.0578,26.0,78.0,20.0,3.6,29/04/21
Sitka,US,57.0531,57.0531,-135.33,7.0,93.0,90.0,5.14,29/04/21
Denpasar,ID,-8.65,8.65,115.2167,29.0,84.0,20.0,4.12,29/04/21
Fort Smith,US,35.3859,35.3859,-94.3986,19.0,88.0,75.0,2.3,29/04/21
Havre-Saint-Pierre,CA,50.2334,50.2334,-63.5986,4.0,93.0,90.0,2.57,29/04/21
Yerbogachen,RU,61.2767,61.2767,108.0108,4.0,60.0,70.0,3.02,29/04/21
Havelock,US,34.8791,34.8791,-76.9013,22.0,73.0,1.0,6.69,29/04/21
Salem,US,11.65,11.65,78.1667,25.0,83.0,40.0,1.54,29/04/21
Krasnoarmeyskiy,RU,47.0114,47.0114,42.2072,11.0,91.0,94.0,5.32,29/04/21
Stuttgart,US,48.7823,48.7823,9.177,8.0,65.0,40.0,1.54,29/04/21
Pryshyb,UA,47.2603,47.2603,35.3228,9.0,76.0,0.0,3.0,29/04/21
Ugoofaaru,MV,5.6667,5.6667,73.0,29.0,72.0,68.0,2.59,29/04/21
Qasigiannguit,GL,68.8193,68.8193,-51.1922,1.0,75.0,95.0,1.82,29/04/21
Pavino,RU,59.1139,59.1139,46.1414,1.0,80.0,26.0,2.38,29/04/21
Hasaki,JP,35.7333,35.7333,140.8333,26.0,40.0,20.0,1.03,29/04/21
Nyrob,RU,60.733,60.733,56.7202,1.0,66.0,11.0,2.64,29/04/21
Aviles,ES,43.5547,43.5547,-5.9248,10.0,93.0,90.0,2.06,29/04/21
Maracacume,BR,-2.0428,2.0428,-45.9592,23.0,97.0,100.0,1.25,29/04/21
Salinopolis,BR,-0.6136,0.6136,-47.3561,25.0,87.0,99.0,2.29,29/04/21
Altamont,US,42.2068,42.2068,-121.7372,24.0,22.0,1.0,5.66,29/04/21
Tecoanapa,MX,16.5167,16.5167,-98.75,27.0,75.0,92.0,2.64,29/04/21
Hami,CN,42.8,42.8,93.45,26.0,12.0,2.0,2.34,29/04/21
Guatire,VE,10.4762,10.4762,-66.5427,24.0,88.0,40.0,0.51,29/04/21
Avarua,CK,-21.2078,21.2078,-159.775,28.0,83.0,20.0,4.12,29/04/21
Gigmoto,PH,13.7796,13.7796,124.39,29.0,64.0,90.0,1.15,29/04/21
Tianpeng,CN,30.9866,30.9866,103.9393,26.0,1.0,0.0,1.75,29/04/21
San Carlos De Bariloche,AR,-41.1456,41.1456,-71.3082,10.0,66.0,0.0,5.14,29/04/21
Vostok,RU,46.4856,46.4856,135.8833,13.0,22.0,57.0,3.09,29/04/21
Ramygala,LT,55.5167,55.5167,24.3,9.0,93.0,100.0,2.57,29/04/21
Mongoumba,CF,3.6415,3.6415,18.5936,21.0,95.0,100.0,0.5,29/04/21
Shimanovsk,RU,52.0,52.0,127.7,12.0,37.0,30.0,4.59,29/04/21
Zhigansk,RU,66.7697,66.7697,123.3711,0.0,99.0,100.0,3.2,29/04/21
Kasempa,ZM,-13.4584,13.4584,25.8338,17.0,97.0,66.0,1.64,29/04/21
Saint-Augustin,CA,51.226,51.226,-58.6502,5.0,85.0,100.0,1.7,29/04/21
Moses Lake,US,47.1301,47.1301,-119.2781,27.0,14.0,1.0,1.54,29/04/21
Senador Jose Porfirio,BR,-2.5908,2.5908,-51.9542,24.0,93.0,100.0,1.04,29/04/21
Looc,PH,12.2605,12.2605,121.9926,31.0,53.0,14.0,1.85,29/04/21
Kahului,US,20.8947,20.8947,-156.47,27.0,69.0,40.0,8.23,29/04/21
Balad,IQ,34.0164,34.0164,44.1453,26.0,22.0,0.0,3.35,29/04/21
Banda Aceh,ID,5.5577,5.5577,95.3222,29.0,69.0,100.0,0.62,29/04/21
Marsh Harbour,BS,26.5412,26.5412,-77.0636,24.0,75.0,83.0,5.99,29/04/21
Watford,CA,51.6553,51.6553,-0.396,4.0,81.0,40.0,1.03,29/04/21
Hervey Bay,AU,-25.2986,25.2986,152.8535,22.0,78.0,99.0,1.79,29/04/21
Moose Factory,CA,51.2585,51.2585,-80.6094,8.0,71.0,90.0,1.54,29/04/21
Krasnovishersk,RU,60.4078,60.4078,57.082,1.0,69.0,13.0,3.02,29/04/21
Cidreira,BR,-30.1811,30.1811,-50.2056,18.0,76.0,0.0,2.89,29/04/21
Richards Bay,ZA,-28.783,28.783,32.0377,22.0,83.0,100.0,6.51,29/04/21
Otradnoye,RU,59.7775,59.7775,30.8181,-1.0,80.0,0.0,1.0,29/04/21
Kalanguy,RU,51.0167,51.0167,116.5167,5.0,42.0,97.0,4.67,29/04/21
Uvira,CD,-3.4067,3.4067,29.1458,22.0,83.0,100.0,2.06,29/04/21
Jiaojiang,CN,28.6803,28.6803,121.4428,29.0,99.0,0.0,3.2,29/04/21
Mahebourg,MU,-20.4081,20.4081,57.7,25.0,88.0,75.0,5.66,29/04/21
Mogadishu,SO,2.0371,2.0371,45.3438,28.0,79.0,92.0,3.43,29/04/21
Boyolangu,ID,-8.1181,8.1181,111.8935,29.0,70.0,51.0,2.63,29/04/21
Ribeira Brava,CV,32.65,32.65,-17.0667,13.0,84.0,27.0,2.24,29/04/21
Beloha,MG,-25.1667,25.1667,45.05,21.0,70.0,0.0,2.59,29/04/21
Necochea,AR,-38.5473,38.5473,-58.7368,13.0,87.0,44.0,4.47,29/04/21
Omboue,GA,-1.5746,1.5746,9.2618,24.0,93.0,100.0,2.44,29/04/21
Nuuk,GL,64.1835,64.1835,-51.7216,-2.0,100.0,90.0,1.54,29/04/21
Copalillo,MX,18.0333,18.0333,-99.1167,26.0,48.0,69.0,2.52,29/04/21
Puerto Carreno,CO,6.189,6.189,-67.4859,22.0,93.0,93.0,3.65,29/04/21
Hailin,CN,44.5833,44.5833,129.4167,14.0,22.0,97.0,1.73,29/04/21
Kelo,TD,9.3086,9.3086,15.8066,29.0,48.0,99.0,2.26,29/04/21
Baicheng,CN,45.6167,45.6167,122.8167,12.0,19.0,95.0,1.23,29/04/21
Huambo,AO,-12.7761,12.7761,15.7392,15.0,93.0,100.0,1.12,29/04/21
Utiel,ES,39.5667,39.5667,-1.2,18.0,84.0,85.0,1.89,29/04/21
Labuan,MY,5.2767,5.2767,115.2417,30.0,74.0,20.0,1.03,29/04/21
San Rafael,AR,-34.6177,34.6177,-68.3301,17.0,56.0,1.0,4.47,29/04/21
Bandarbeyla,SO,9.4942,9.4942,50.8122,28.0,76.0,18.0,1.67,29/04/21
Wenling,CN,28.3669,28.3669,121.36,29.0,37.0,0.0,4.51,29/04/21
Santa Rosa,AR,14.3122,14.3122,121.1114,32.0,62.0,40.0,1.54,29/04/21
Noumea,NC,-22.2763,22.2763,166.4572,27.0,57.0,90.0,3.09,29/04/21
Broken Hill,AU,-31.95,31.95,141.4333,24.0,27.0,0.0,4.63,29/04/21
Luba,GQ,3.4568,3.4568,8.5547,27.0,79.0,97.0,2.0,29/04/21
Tefe,BR,-3.3542,3.3542,-64.7114,22.0,98.0,54.0,0.34,29/04/21
Inhumas,BR,-16.3578,16.3578,-49.4961,23.0,78.0,75.0,2.57,29/04/21
Batemans Bay,AU,-35.7167,35.7167,150.1833,21.0,59.0,0.0,3.3,29/04/21
Pathein,MM,16.7833,16.7833,94.7333,32.0,51.0,7.0,2.57,29/04/21
Barreirinhas,BR,-2.7469,2.7469,-42.8264,24.0,92.0,100.0,1.8,29/04/21
Warri,NG,5.5167,5.5167,5.75,25.0,88.0,100.0,1.39,29/04/21
Bibai,JP,43.3247,43.3247,141.8586,7.0,93.0,75.0,7.2,29/04/21
Kodiak,US,57.79,57.79,-152.4072,6.0,87.0,90.0,2.57,29/04/21
Westport,IE,41.1415,41.1415,-73.3579,17.0,88.0,90.0,6.06,29/04/21
Odweyne,SO,9.4092,9.4092,45.064,19.0,84.0,100.0,3.2,29/04/21
Talara,PE,-4.5772,4.5772,-81.2719,21.0,82.0,15.0,5.05,29/04/21
Andrelandia,BR,-21.7397,21.7397,-44.3092,13.0,94.0,75.0,3.07,29/04/21
Santa Pola,ES,38.1917,38.1917,-0.5658,16.0,100.0,0.0,0.51,29/04/21
Verkhnyaya Inta,RU,65.9811,65.9811,60.3094,-4.0,81.0,85.0,1.46,29/04/21
Hit,IQ,33.6416,33.6416,42.8251,26.0,25.0,0.0,5.1,29/04/21
Bac Lieu,VN,9.285,9.285,105.7244,31.0,56.0,51.0,6.38,29/04/21
Aracaju,BR,-10.9111,10.9111,-37.0717,27.0,78.0,40.0,4.12,29/04/21
Jalu,LY,29.0331,29.0331,21.5482,26.0,16.0,0.0,4.77,29/04/21
Rocha,UY,-34.4833,34.4833,-54.3333,12.0,85.0,0.0,2.15,29/04/21
Cochabamba,BO,-17.3895,17.3895,-66.1568,15.0,55.0,40.0,4.63,29/04/21
Yarensk,RU,62.1675,62.1675,49.0916,1.0,67.0,93.0,3.13,29/04/21
Tuchola,PL,53.5879,53.5879,17.8591,8.0,93.0,12.0,3.51,29/04/21
Rexburg,US,43.826,43.826,-111.7897,21.0,23.0,1.0,4.12,29/04/21
Coquimbo,CL,-29.9533,29.9533,-71.3436,13.0,88.0,0.0,2.06,29/04/21
Patiya,BD,22.2931,22.2931,91.9762,29.0,84.0,20.0,3.6,29/04/21
Marathon,CA,44.9,44.9,-89.7668,12.0,50.0,20.0,3.08,29/04/21
General Pico,AR,-35.6566,35.6566,-63.7568,14.0,65.0,0.0,4.94,29/04/21
Peterhead,GB,57.5058,57.5058,-1.7981,4.0,93.0,10.0,3.09,29/04/21
Dubbo,AU,-32.25,32.25,148.6167,22.0,46.0,0.0,2.06,29/04/21
Roma,AU,43.2128,43.2128,-75.4557,12.0,94.0,90.0,2.57,29/04/21
Tabuk,SA,17.4189,17.4189,121.4443,32.0,52.0,14.0,2.57,29/04/21
Nurota,UZ,40.5614,40.5614,65.6886,20.0,40.0,98.0,5.14,29/04/21
Kiama,AU,-34.6833,34.6833,150.8667,22.0,70.0,1.0,2.68,29/04/21
Acari,PE,-15.4311,15.4311,-74.6158,20.0,83.0,30.0,1.4,29/04/21
Bonthe,SL,7.5264,7.5264,-12.505,27.0,80.0,53.0,1.75,29/04/21
Ballater,GB,57.0493,57.0493,-3.0402,1.0,88.0,73.0,0.89,29/04/21
Bluff,NZ,-46.6,46.6,168.3333,13.0,71.0,30.0,6.26,29/04/21
New Norfolk,AU,-42.7826,42.7826,147.0587,19.0,52.0,26.0,1.79,29/04/21
Prainha,BR,-1.8,1.8,-53.48,24.0,86.0,89.0,1.01,29/04/21
Macas,EC,-2.3167,2.3167,-78.1167,19.0,98.0,91.0,0.72,29/04/21
Maceio,BR,-9.6658,9.6658,-35.7353,24.0,94.0,40.0,1.54,29/04/21
Kushuhum,UA,47.7144,47.7144,35.2092,9.0,76.0,0.0,3.0,29/04/21
Guangyuan,CN,32.442,32.442,105.823,26.0,50.0,0.0,0.97,29/04/21
Tracy,US,37.7397,37.7397,-121.4252,29.0,20.0,1.0,5.14,29/04/21
Dikson,RU,73.5069,73.5069,80.5464,-12.0,91.0,54.0,4.44,29/04/21
Oistins,BB,13.0667,13.0667,-59.5333,26.0,61.0,20.0,4.12,29/04/21
Lucapa,AO,-8.4192,8.4192,20.7447,19.0,97.0,100.0,0.57,29/04/21
Dalby,AU,-27.1833,27.1833,151.2667,26.0,42.0,61.0,1.34,29/04/21
Mozarlandia,BR,-14.7447,14.7447,-50.5706,21.0,90.0,83.0,1.85,29/04/21
Netishyn,UA,50.34,50.34,26.6417,9.0,91.0,97.0,3.44,29/04/21
Hambantota,LK,6.1241,6.1241,81.1185,28.0,75.0,79.0,2.86,29/04/21
Chibombo,ZM,-14.6569,14.6569,28.0706,16.0,95.0,19.0,1.88,29/04/21
Zaton,RU,53.2936,53.2936,83.8072,8.0,57.0,0.0,7.0,29/04/21
Rondonopolis,BR,-16.4708,16.4708,-54.6356,22.0,43.0,100.0,0.9,29/04/21
Aanekoski,FI,62.6946,62.6946,25.818,-2.0,93.0,0.0,1.54,29/04/21
Olinda,BR,-8.0089,8.0089,-34.8553,24.0,83.0,20.0,1.03,29/04/21
Belyy Yar,RU,53.6039,53.6039,91.3903,7.0,93.0,75.0,1.0,29/04/21
Tual,ID,-5.6667,5.6667,132.75,28.0,69.0,100.0,2.32,29/04/21
Kailua,US,21.4022,21.4022,-157.7394,29.0,65.0,40.0,4.63,29/04/21
Nebbi,UG,2.4783,2.4783,31.0889,18.0,90.0,74.0,1.96,29/04/21
Toshkivka,UA,48.7791,48.7791,38.579,7.0,76.0,13.0,2.79,29/04/21
South Yuba City,US,39.1166,39.1166,-121.6391,31.0,16.0,1.0,3.09,29/04/21
Kamariotissa,GR,40.4833,40.4833,25.4667,13.0,94.0,20.0,1.79,29/04/21
Znamenskoye,RU,57.1281,57.1281,73.8282,8.0,58.0,8.0,4.92,29/04/21
Dakar,SN,14.6937,14.6937,-17.4441,20.0,88.0,0.0,6.17,29/04/21
Hearst,CA,49.6835,49.6835,-83.6665,-1.0,93.0,100.0,5.66,29/04/21
Beringovskiy,RU,63.05,63.05,179.3167,-1.0,76.0,48.0,3.03,29/04/21
Kitimat,CA,54.0524,54.0524,-128.6534,9.0,93.0,90.0,6.17,29/04/21
Mombaca,BR,-5.7431,5.7431,-39.6275,21.0,96.0,99.0,1.32,29/04/21
Calbuco,CL,-41.768,41.768,-73.1273,14.0,88.0,75.0,3.6,29/04/21
Elko,US,41.0002,41.0002,-115.5012,23.0,20.0,1.0,2.06,29/04/21
Waingapu,ID,-9.6567,9.6567,120.2641,30.0,69.0,49.0,4.45,29/04/21
Den Helder,NL,52.9599,52.9599,4.7593,7.0,87.0,90.0,2.57,29/04/21
Cayenne,GF,4.9333,4.9333,-52.3333,26.0,100.0,75.0,0.51,29/04/21
Hammond,US,41.5834,41.5834,-87.5,14.0,62.0,1.0,5.05,29/04/21
Flin Flon,CA,54.7682,54.7682,-101.865,-1.0,59.0,0.0,1.61,29/04/21
Kaitangata,NZ,-46.2817,46.2817,169.8464,14.0,58.0,53.0,4.02,29/04/21
Warrington,US,53.3925,53.3925,-2.5802,6.0,87.0,68.0,1.54,29/04/21
Yining,CN,29.0361,29.0361,114.5636,28.0,43.0,0.0,2.79,29/04/21
Pocone,BR,-16.2567,16.2567,-56.6228,20.0,48.0,100.0,1.38,29/04/21
Kampene,CD,-3.6,3.6,26.6667,20.0,98.0,100.0,0.94,29/04/21
Tomatlan,MX,19.9333,19.9333,-105.25,23.0,86.0,0.0,1.1,29/04/21
The Pas,CA,53.8251,53.8251,-101.2541,3.0,44.0,1.0,2.57,29/04/21
Lincoln,AR,40.8,40.8,-96.667,19.0,26.0,1.0,1.54,29/04/21
Pasni,PK,25.2631,25.2631,63.471,28.0,79.0,32.0,1.85,29/04/21
Margate,ZA,51.3813,51.3813,1.3862,6.0,75.0,26.0,3.73,29/04/21
Maturin,VE,9.75,9.75,-63.1767,21.0,92.0,100.0,1.51,29/04/21
Nombre De Dios,MX,23.85,23.85,-104.2333,21.0,11.0,1.0,10.29,29/04/21
Augustow,PL,53.8432,53.8432,22.9798,8.0,96.0,100.0,3.68,29/04/21
Kapuskasing,CA,49.4169,49.4169,-82.4331,5.0,93.0,100.0,8.23,29/04/21
Khartoum,SD,15.5518,15.5518,32.5324,32.0,25.0,100.0,5.02,29/04/21
Merauke,ID,-8.4667,8.4667,140.3333,29.0,69.0,89.0,3.62,29/04/21
Arroyos Y Esteros,PY,-25.0667,25.0667,-57.1,16.0,77.0,0.0,2.06,29/04/21
Gazalkent,UZ,41.5581,41.5581,69.7708,21.0,43.0,0.0,1.03,29/04/21
Mount Gambier,AU,-37.8333,37.8333,140.7667,22.0,46.0,0.0,6.17,29/04/21
Konevo,RU,62.1215,62.1215,39.3192,0.0,84.0,82.0,2.12,29/04/21
Warmbad,NA,-28.45,28.45,18.7333,10.0,60.0,0.0,3.99,29/04/21
Ternovka,RU,51.678,51.678,41.6375,6.0,72.0,100.0,3.23,29/04/21
Tuxpan,MX,19.55,19.55,-103.4,17.0,89.0,7.0,1.63,29/04/21
Marti,CU,22.9475,22.9475,-80.9203,25.0,61.0,75.0,2.06,29/04/21
Salalah,OM,17.0151,17.0151,54.0924,28.0,83.0,75.0,2.57,29/04/21
Zhezkazgan,KZ,47.8043,47.8043,67.7144,12.0,42.0,100.0,7.4,29/04/21
Yanam,IN,16.7333,16.7333,82.2167,29.0,79.0,20.0,2.06,29/04/21
Stornoway,GB,58.2093,58.2093,-6.3865,5.0,81.0,75.0,5.14,29/04/21
Monywa,MM,22.1167,22.1167,95.1333,33.0,42.0,1.0,3.64,29/04/21
Puerto Del Rosario,ES,28.5004,28.5004,-13.8627,19.0,72.0,0.0,1.54,29/04/21
Mercedes,AR,-34.6515,34.6515,-59.4307,14.0,91.0,0.0,3.41,29/04/21
Biltine,TD,14.5333,14.5333,20.9167,26.0,9.0,14.0,2.63,29/04/21
Labytnangi,RU,66.6572,66.6572,66.4183,-3.0,94.0,100.0,1.52,29/04/21
Kallithea,GR,37.95,37.95,23.7,18.0,77.0,0.0,0.57,29/04/21
Point Fortin,TT,10.1833,10.1833,-61.6833,24.0,1.0,100.0,1.79,29/04/21
Vao,NC,-22.6667,22.6667,167.4833,24.0,57.0,96.0,9.2,29/04/21
Kieta,PG,-6.2167,6.2167,155.6333,28.0,76.0,37.0,0.72,29/04/21
Eenhana,NA,-17.4667,17.4667,16.3333,21.0,48.0,95.0,1.48,29/04/21
Kuybysheve,UA,47.358,47.358,36.6491,8.0,93.0,33.0,3.13,29/04/21
Dicabisagan,PH,17.0818,17.0818,122.4157,30.0,57.0,10.0,1.98,29/04/21
Sobolevo,RU,54.4299,54.4299,31.8996,8.0,91.0,100.0,7.63,29/04/21
Tayoltita,MX,24.0833,24.0833,-105.9333,16.0,68.0,0.0,0.78,29/04/21
Garowe,SO,8.4054,8.4054,48.4845,25.0,79.0,100.0,3.17,29/04/21
Viseu,BR,40.661,40.661,-7.9097,7.0,88.0,54.0,0.56,29/04/21
Sembabule,UG,-0.0772,0.0772,31.4567,17.0,89.0,99.0,1.93,29/04/21
Payson,US,40.0444,40.0444,-111.7321,18.0,52.0,1.0,3.6,29/04/21
Verkhoyansk,RU,67.5447,67.5447,133.385,0.0,84.0,95.0,1.26,29/04/21
Bogovarovo,RU,58.9785,58.9785,47.0246,2.0,79.0,74.0,2.74,29/04/21
Lagos,PT,6.5833,6.5833,3.75,26.0,94.0,20.0,1.03,29/04/21
Santo Tomas,PE,14.1079,14.1079,121.1414,32.0,62.0,40.0,1.54,29/04/21
Muyezerskiy,RU,63.9333,63.9333,31.65,-1.0,79.0,100.0,3.13,29/04/21
Belmonte,BR,-15.8631,15.8631,-38.8828,23.0,88.0,75.0,2.57,29/04/21
Montelibano,CO,7.9829,7.9829,-75.4229,23.0,90.0,100.0,1.31,29/04/21
Amarante Do Maranhao,BR,-5.5667,5.5667,-46.7422,22.0,96.0,100.0,1.3,29/04/21
Nataga,CO,2.5436,2.5436,-75.8085,16.0,95.0,74.0,1.27,29/04/21
Jumla,NP,29.2747,29.2747,82.1838,16.0,43.0,78.0,1.48,29/04/21
Novoagansk,RU,61.9449,61.9449,76.6625,4.0,83.0,100.0,4.87,29/04/21
Monte Santo,BR,-10.4378,10.4378,-39.3328,20.0,95.0,34.0,2.7,29/04/21
Marrakesh,MA,31.6315,31.6315,-8.0083,16.0,63.0,75.0,2.57,29/04/21
Shushary,RU,59.8092,59.8092,30.3817,-1.0,80.0,0.0,1.0,29/04/21
Siocon,PH,7.7061,7.7061,122.1353,30.0,70.0,45.0,0.87,29/04/21
Nishihara,JP,26.1842,26.1842,127.7558,23.0,68.0,20.0,3.6,29/04/21
Half Moon Bay,US,37.4636,37.4636,-122.4286,14.0,82.0,1.0,4.63,29/04/21
Homun,MX,20.7333,20.7333,-89.2833,31.0,37.0,1.0,6.17,29/04/21
Carinhanha,BR,-14.3047,14.3047,-43.765,24.0,57.0,29.0,3.37,29/04/21
Samarkand,UZ,39.6542,39.6542,66.9597,24.0,25.0,20.0,2.06,29/04/21
Houma,US,29.5958,29.5958,-90.7195,25.0,88.0,75.0,2.57,29/04/21
Paamiut,GL,61.994,61.994,-49.6678,2.0,85.0,5.0,1.25,29/04/21
Nemuro,JP,43.3236,43.3236,145.575,4.0,100.0,75.0,9.77,29/04/21
Isiro,CD,2.7739,2.7739,27.616,19.0,99.0,100.0,1.26,29/04/21
Lagoa,PT,39.05,39.05,-27.9833,14.0,60.0,99.0,1.93,29/04/21
Constitucion,MX,-35.3333,35.3333,-72.4167,13.0,90.0,49.0,0.5,29/04/21
Winnemucca,US,40.973,40.973,-117.7357,27.0,12.0,1.0,1.54,29/04/21
Calamba,PH,14.2117,14.2117,121.1653,32.0,62.0,40.0,1.54,29/04/21
Rambha,IN,19.5167,19.5167,85.1,31.0,66.0,5.0,6.1,29/04/21
Khorixas,NA,-20.3667,20.3667,14.9667,17.0,46.0,1.0,1.1,29/04/21
Baruun-Urt,MN,46.6806,46.6806,113.2792,6.0,24.0,70.0,6.39,29/04/21
Forbes,AU,-33.3833,33.3833,148.0167,25.0,32.0,0.0,0.86,29/04/21
Dhing,IN,26.4667,26.4667,92.4667,35.0,26.0,44.0,2.13,29/04/21
Novy Malin,CZ,49.9426,49.9426,17.0319,8.0,83.0,100.0,1.5,29/04/21
Cape Coast,GH,5.1053,5.1053,-1.2466,27.0,81.0,98.0,1.83,29/04/21
Birin,DZ,26.8865,26.8865,88.0718,25.0,31.0,6.0,2.0,29/04/21
Akot,IN,21.0964,21.0964,77.0586,36.0,14.0,10.0,5.94,29/04/21
Port Macquarie,AU,-31.4333,31.4333,152.9167,23.0,62.0,8.0,0.89,29/04/21
Rudnichnyy,RU,59.617,59.617,52.4703,1.0,68.0,10.0,2.51,29/04/21
Piacabucu,BR,-10.4056,10.4056,-36.4344,25.0,83.0,71.0,3.58,29/04/21
Koslan,RU,63.4564,63.4564,48.8989,1.0,64.0,100.0,3.53,29/04/21
Saskylakh,RU,71.9167,71.9167,114.0833,1.0,97.0,100.0,3.41,29/04/21
Seoul,KR,37.5683,37.5683,126.9778,13.0,67.0,75.0,1.54,29/04/21
Luderitz,NA,-26.6481,26.6481,15.1594,13.0,76.0,0.0,9.39,29/04/21
Alta Floresta,BR,-9.8756,9.8756,-56.0861,21.0,96.0,74.0,0.73,29/04/21
Lusambo,CD,-4.9667,4.9667,23.45,21.0,99.0,100.0,0.45,29/04/21
Leningradskiy,RU,69.3833,69.3833,178.4167,-4.0,83.0,94.0,7.52,29/04/21
Youkounkoun,GN,12.5333,12.5333,-13.1333,26.0,54.0,32.0,4.29,29/04/21
Along,IN,28.1667,28.1667,94.7667,32.0,26.0,5.0,0.47,29/04/21
Del Rio,US,29.3627,29.3627,-100.8968,23.0,53.0,1.0,5.14,29/04/21
Tazovskiy,RU,67.4667,67.4667,78.7,-1.0,93.0,100.0,4.16,29/04/21
Yerofey Pavlovich,RU,53.9667,53.9667,121.9667,9.0,55.0,55.0,3.08,29/04/21
Colares,PT,38.7992,38.7992,-9.4469,13.0,73.0,99.0,4.02,29/04/21
